{"cameraMode":{"drawMode":0,"name":"Shaded","section":"Shading Mode"},"sceneLighting":false,"audioPlay":false,"sceneViewState":{"m_AlwaysRefresh":false,"showFog":true,"showSkybox":false,"showFlares":true,"showImageEffects":true,"showParticleSystems":true,"showVisualEffectGraphs":true,"m_FxEnabled":true},"in2DMode":false,"pivot":{"x":-0.16028094291687013,"y":1.3437420129776,"z":0.22212731838226319},"rotation":{"x":0.13016192615032197,"y":-0.45363545417785647,"z":0.0671689435839653,"w":0.8790685534477234},"size":2.5262112617492677,"orthographic":false}