{"cameraMode":{"drawMode":0,"name":"Shaded","section":"Shading Mode"},"sceneLighting":false,"audioPlay":false,"sceneViewState":{"m_AlwaysRefresh":false,"showFog":true,"showSkybox":false,"showFlares":true,"showImageEffects":true,"showParticleSystems":true,"showVisualEffectGraphs":true,"m_FxEnabled":true},"in2DMode":false,"pivot":{"x":0.6302143931388855,"y":-0.577275276184082,"z":0.38494205474853518},"rotation":{"x":0.5739198923110962,"y":-0.014738439582288266,"z":0.01033167727291584,"w":0.8187135457992554},"size":5.037118911743164,"orthographic":false}