{"cameraMode":{"drawMode":0,"name":"Shaded","section":"Shading Mode"},"sceneLighting":false,"audioPlay":false,"sceneViewState":{"m_AlwaysRefresh":false,"showFog":true,"showSkybox":false,"showFlares":true,"showImageEffects":true,"showParticleSystems":true,"showVisualEffectGraphs":true,"m_FxEnabled":true},"in2DMode":false,"pivot":{"x":-39.278480529785159,"y":-351.66961669921877,"z":20.906068801879884},"rotation":{"x":0.19270727038383485,"y":0.42749515175819399,"z":-0.09380239993333817,"w":0.8782447576522827},"size":0.053142499178647998,"orthographic":false}